feature	method	group1	group2	p_values	adj_method	p_adjust	description
1CMET2-PWY	edgeR	negative	positive	0.951014722198039	BH	1	N10-formyl-tetrahydrofolate biosynthesis
3-HYDROXYPHENYLACETATE-DEGRADATION-PWY	edgeR	negative	positive	6.99846973193106e-27	BH	1.7896086885938e-25	4-hydroxyphenylacetate degradation
AEROBACTINSYN-PWY	edgeR	negative	positive	1.86127325320619e-22	BH	3.02879920294462e-21	aerobactin biosynthesis
ALL-CHORISMATE-PWY	edgeR	negative	positive	0.000620859376411853	BH	0.00516901527338241	superpathway of chorismate metabolism
ANAEROFRUCAT-PWY	edgeR	negative	positive	0.990557079406558	BH	1	homolactic fermentation
ANAGLYCOLYSIS-PWY	edgeR	negative	positive	0.94382398835312	BH	1	glycolysis III (from glucose)
ARG+POLYAMINE-SYN	edgeR	negative	positive	0.752577901411676	BH	1	superpathway of arginine and polyamine biosynthesis
ARGDEG-PWY	edgeR	negative	positive	3.08044174451958e-07	BH	3.55741336947745e-06	superpathway of L-arginine, putrescine, and 4-aminobutanoate degradation
ARGORNPROST-PWY	edgeR	negative	positive	0.658472051694556	BH	1	arginine, ornithine and proline interconversion
ARGSYN-PWY	edgeR	negative	positive	0.969335044462397	BH	1	L-arginine biosynthesis I (via L-ornithine)
ARGSYNBSUB-PWY	edgeR	negative	positive	0.981324143872222	BH	1	L-arginine biosynthesis II (acetyl cycle)
ARO-PWY	edgeR	negative	positive	0.966857795196027	BH	1	chorismate biosynthesis I
ASPASN-PWY	edgeR	negative	positive	0.951665906545372	BH	1	superpathway of L-aspartate and L-asparagine biosynthesis
AST-PWY	edgeR	negative	positive	4.11151772663027e-13	BH	5.4515679486431e-12	L-arginine degradation II (AST pathway)
BIOTIN-BIOSYNTHESIS-PWY	edgeR	negative	positive	0.966979630731088	BH	1	biotin biosynthesis I
BRANCHED-CHAIN-AA-SYN-PWY	edgeR	negative	positive	0.967806262961417	BH	1	superpathway of branched amino acid biosynthesis
CALVIN-PWY	edgeR	negative	positive	0.971595251536863	BH	1	Calvin-Benson-Bassham cycle
CATECHOL-ORTHO-CLEAVAGE-PWY	edgeR	negative	positive	1.40742978723164e-27	BH	4.19883219857439e-26	catechol degradation to &beta;-ketoadipate
CENTFERM-PWY	edgeR	negative	positive	0.498004465403117	BH	1	pyruvate fermentation to butanoate
CHLOROPHYLL-SYN	edgeR	negative	positive	1.57261279876377e-22	BH	2.68093039027347e-21	chlorophyllide a biosynthesis I (aerobic, light-dependent)
COA-PWY	edgeR	negative	positive	0.967425057111858	BH	1	coenzyme A biosynthesis I
COBALSYN-PWY	edgeR	negative	positive	0.884132876104516	BH	1	adenosylcobalamin salvage from cobinamide I
CODH-PWY	edgeR	negative	positive	0.88681355052631	BH	1	reductive acetyl coenzyme A pathway
COLANSYN-PWY	edgeR	negative	positive	0.934393773011924	BH	1	colanic acid building blocks biosynthesis
COMPLETE-ARO-PWY	edgeR	negative	positive	0.969237317730619	BH	1	superpathway of aromatic amino acid biosynthesis
CRNFORCAT-PWY	edgeR	negative	positive	0.000139827592423148	BH	0.00122093361188993	creatinine degradation I
DAPLYSINESYN-PWY	edgeR	negative	positive	0.987298864916754	BH	1	L-lysine biosynthesis I
DENITRIFICATION-PWY	edgeR	negative	positive	0.64045959983274	BH	1	nitrate reduction I (denitrification)
DENOVOPURINE2-PWY	edgeR	negative	positive	0.948056687981638	BH	1	superpathway of purine nucleotides de novo biosynthesis II
DHGLUCONATE-PYR-CAT-PWY	edgeR	negative	positive	1	BH	1	glucose degradation (oxidative)
DTDPRHAMSYN-PWY	edgeR	negative	positive	0.909741602449726	BH	1	dTDP-L-rhamnose biosynthesis I
ECASYN-PWY	edgeR	negative	positive	2.92038741431551e-07	BH	3.55741336947745e-06	enterobacterial common antigen biosynthesis
ENTBACSYN-PWY	edgeR	negative	positive	2.76431203352797e-05	BH	0.000267465867027841	enterobactin biosynthesis
FAO-PWY	edgeR	negative	positive	0.21568500833209	BH	0.941649182718149	fatty acid &beta;-oxidation I
FASYN-ELONG-PWY	edgeR	negative	positive	0.996048556536436	BH	1	fatty acid elongation -- saturated
FASYN-INITIAL-PWY	edgeR	negative	positive	0.920231257865319	BH	1	superpathway of fatty acid biosynthesis initiation (E. coli)
FERMENTATION-PWY	edgeR	negative	positive	0.923369933439372	BH	1	mixed acid fermentation
FOLSYN-PWY	edgeR	negative	positive	0.995146128610054	BH	1	superpathway of tetrahydrofolate biosynthesis and salvage
FUC-RHAMCAT-PWY	edgeR	negative	positive	0.992414461021899	BH	1	superpathway of fucose and rhamnose degradation
FUCCAT-PWY	edgeR	negative	positive	0.911229891175731	BH	1	fucose degradation
GALACT-GLUCUROCAT-PWY	edgeR	negative	positive	0.860149078917148	BH	1	superpathway of hexuronide and hexuronate degradation
GALACTARDEG-PWY	edgeR	negative	positive	0.968411742750296	BH	1	D-galactarate degradation I
GALACTUROCAT-PWY	edgeR	negative	positive	0.786868073208385	BH	1	D-galacturonate degradation I
GALLATE-DEGRADATION-I-PWY	edgeR	negative	positive	1.84012694677449e-25	BH	3.65980803858482e-24	gallate degradation II
GALLATE-DEGRADATION-II-PWY	edgeR	negative	positive	1.75252869437113e-25	BH	3.65980803858482e-24	gallate degradation I
GLCMANNANAUT-PWY	edgeR	negative	positive	0.93427711556025	BH	1	superpathway of N-acetylglucosamine, N-acetylmannosamine and N-acetylneuraminate degradation
GLUCARDEG-PWY	edgeR	negative	positive	0.775949341130899	BH	1	D-glucarate degradation I
GLUCARGALACTSUPER-PWY	edgeR	negative	positive	0.968411742750296	BH	1	superpathway of D-glucarate and D-galactarate degradation
GLUCONEO-PWY	edgeR	negative	positive	0.943647893008719	BH	1	gluconeogenesis I
GLUCOSE1PMETAB-PWY	edgeR	negative	positive	0.978581070535735	BH	1	glucose and glucose-1-phosphate degradation
GLUCUROCAT-PWY	edgeR	negative	positive	0.897775394427409	BH	1	superpathway of &beta;-D-glucuronide and D-glucuronate degradation
GLUTORN-PWY	edgeR	negative	positive	0.986593267664819	BH	1	L-ornithine biosynthesis
GLYCOCAT-PWY	edgeR	negative	positive	0.896622694287448	BH	1	glycogen degradation I (bacterial)
GLYCOGENSYNTH-PWY	edgeR	negative	positive	0.939280622345884	BH	1	glycogen biosynthesis I (from ADP-D-Glucose)
GLYCOL-GLYOXDEG-PWY	edgeR	negative	positive	0.0624901037452149	BH	0.355102494298205	superpathway of glycol metabolism and degradation
GLYCOLYSIS	edgeR	negative	positive	0.998310530236113	BH	1	glycolysis I (from glucose 6-phosphate)
GLYCOLYSIS-E-D	edgeR	negative	positive	0.653159049554094	BH	1	superpathway of glycolysis and Entner-Doudoroff
GLYCOLYSIS-TCA-GLYOX-BYPASS	edgeR	negative	positive	0.000138278231851872	BH	0.00122093361188993	superpathway of glycolysis, pyruvate dehydrogenase, TCA, and glyoxylate bypass
GLYOXYLATE-BYPASS	edgeR	negative	positive	0.0409605338360363	BH	0.248540188361034	glyoxylate cycle
GOLPDLCAT-PWY	edgeR	negative	positive	0.121963032755361	BH	0.582847970878104	superpathway of glycerol degradation to 1,3-propanediol
HCAMHPDEG-PWY	edgeR	negative	positive	7.22813643340932e-28	BH	2.58767284316054e-26	3-phenylpropanoate and 3-(3-hydroxyphenyl)propanoate degradation to 2-oxopent-4-enoate
HEME-BIOSYNTHESIS-II	edgeR	negative	positive	0.522211763383253	BH	1	heme biosynthesis I (aerobic)
HEMESYN2-PWY	edgeR	negative	positive	0.486836627125902	BH	1	heme biosynthesis II (anaerobic)
HEXITOLDEGSUPER-PWY	edgeR	negative	positive	0.428562353573747	BH	1	superpathway of hexitol degradation (bacteria)
HISDEG-PWY	edgeR	negative	positive	0.755619106705945	BH	1	L-histidine degradation I
HISTSYN-PWY	edgeR	negative	positive	0.96006759606801	BH	1	L-histidine biosynthesis
HOMOSER-METSYN-PWY	edgeR	negative	positive	0.62933125117865	BH	1	L-methionine biosynthesis I
HSERMETANA-PWY	edgeR	negative	positive	0.698779805223598	BH	1	L-methionine biosynthesis III
ILEUSYN-PWY	edgeR	negative	positive	0.976362961764025	BH	1	L-isoleucine biosynthesis I (from threonine)
KDO-NAGLIPASYN-PWY	edgeR	negative	positive	0.238847228697999	BH	0.988283203621012	superpathway of (Kdo)2-lipid A biosynthesis
KETOGLUCONMET-PWY	edgeR	negative	positive	1.1860378418218e-16	BH	1.76917311405085e-15	ketogluconate metabolism
LACTOSECAT-PWY	edgeR	negative	positive	0.0752199059782886	BH	0.414288097541959	lactose and galactose degradation I
LEU-DEG2-PWY	edgeR	negative	positive	0.882540593844623	BH	1	L-leucine degradation I
LPSSYN-PWY	edgeR	negative	positive	0.172912494596274	BH	0.793624013659822	superpathway of lipopolysaccharide biosynthesis
MET-SAM-PWY	edgeR	negative	positive	0.668661020162516	BH	1	superpathway of S-adenosyl-L-methionine biosynthesis
METH-ACETATE-PWY	edgeR	negative	positive	0.964952469895034	BH	1	methanogenesis from acetate
METHANOGENESIS-PWY	edgeR	negative	positive	0.331017312527283	BH	1	methanogenesis from H2 and CO2
METHGLYUT-PWY	edgeR	negative	positive	0.0824922683124294	BH	0.447458061452269	superpathway of methylglyoxal degradation
METHYLGALLATE-DEGRADATION-PWY	edgeR	negative	positive	6.67201904531566e-26	BH	1.592388545482e-24	methylgallate degradation
NAD-BIOSYNTHESIS-II	edgeR	negative	positive	0.382700467293733	BH	1	NAD salvage pathway II
NADSYN-PWY	edgeR	negative	positive	1.62908821567103e-28	BH	1.45803395302557e-26	NAD biosynthesis II (from tryptophan)
NAGLIPASYN-PWY	edgeR	negative	positive	0.993465488055251	BH	1	lipid IVA biosynthesis
NONMEVIPP-PWY	edgeR	negative	positive	0.952791829161035	BH	1	methylerythritol phosphate pathway I
NONOXIPENT-PWY	edgeR	negative	positive	0.980112952092968	BH	1	pentose phosphate pathway (non-oxidative branch)
OANTIGEN-PWY	edgeR	negative	positive	0.996430723580241	BH	1	O-antigen building blocks biosynthesis (E. coli)
ORNARGDEG-PWY	edgeR	negative	positive	3.08044174451958e-07	BH	3.55741336947745e-06	superpathway of L-arginine and L-ornithine degradation
ORNDEG-PWY	edgeR	negative	positive	2.46918505658836e-09	BH	3.1570294652094e-08	superpathway of ornithine degradation
P105-PWY	edgeR	negative	positive	0.000165968421982942	BH	0.00141468321594984	TCA cycle IV (2-oxoglutarate decarboxylase)
P108-PWY	edgeR	negative	positive	0.686424484090434	BH	1	pyruvate fermentation to propanoate I
P122-PWY	edgeR	negative	positive	0.907432141581762	BH	1	heterolactic fermentation
P124-PWY	edgeR	negative	positive	0.859864234377721	BH	1	Bifidobacterium shunt
P125-PWY	edgeR	negative	positive	0.696917526285163	BH	1	superpathway of (R,R)-butanediol biosynthesis
P161-PWY	edgeR	negative	positive	0.948759173576712	BH	1	acetylene degradation
P162-PWY	edgeR	negative	positive	0.863167530185905	BH	1	L-glutamate degradation V (via hydroxyglutarate)
P163-PWY	edgeR	negative	positive	0.578160635449507	BH	1	L-lysine fermentation to acetate and butanoate
P164-PWY	edgeR	negative	positive	0.674007608341417	BH	1	purine nucleobases degradation I (anaerobic)
P221-PWY	edgeR	negative	positive	0.652585807756553	BH	1	octane oxidation
P23-PWY	edgeR	negative	positive	0.0968188266915425	BH	0.49515914222246	reductive TCA cycle I
P241-PWY	edgeR	negative	positive	0.349814584850844	BH	1	coenzyme B biosynthesis
P261-PWY	edgeR	negative	positive	0.250654794233199	BH	1	coenzyme M biosynthesis I
P281-PWY	edgeR	negative	positive	0.00764021002638291	BH	0.0547039037889016	3-phenylpropanoate degradation
P341-PWY	edgeR	negative	positive	0.632663386174201	BH	1	glycolysis V (Pyrococcus)
P4-PWY	edgeR	negative	positive	0.750094867141201	BH	1	superpathway of L-lysine, L-threonine and L-methionine biosynthesis I
P42-PWY	edgeR	negative	positive	0.926228559512559	BH	1	incomplete reductive TCA cycle
P441-PWY	edgeR	negative	positive	0.861397154462694	BH	1	superpathway of N-acetylneuraminate degradation
P461-PWY	edgeR	negative	positive	0.322411499386687	BH	1	hexitol fermentation to lactate, formate, ethanol and acetate
P562-PWY	edgeR	negative	positive	0.853912616865787	BH	1	myo-inositol degradation I
PANTO-PWY	edgeR	negative	positive	0.980914621203063	BH	1	phosphopantothenate biosynthesis I
PANTOSYN-PWY	edgeR	negative	positive	0.981333645460428	BH	1	pantothenate and coenzyme A biosynthesis I
PENTOSE-P-PWY	edgeR	negative	positive	0.995394344499208	BH	1	pentose phosphate pathway
PEPTIDOGLYCANSYN-PWY	edgeR	negative	positive	0.975117047244804	BH	1	peptidoglycan biosynthesis I (meso-diaminopimelate containing)
PHOSLIPSYN-PWY	edgeR	negative	positive	0.988718857743769	BH	1	superpathway of phospholipid biosynthesis I (bacteria)
POLYAMINSYN3-PWY	edgeR	negative	positive	0.974950617812166	BH	1	superpathway of polyamine biosynthesis II
POLYAMSYN-PWY	edgeR	negative	positive	0.662275094081555	BH	1	superpathway of polyamine biosynthesis I
POLYISOPRENSYN-PWY	edgeR	negative	positive	0.985742085588882	BH	1	polyisoprenoid biosynthesis (E. coli)
PPGPPMET-PWY	edgeR	negative	positive	0.122105021832005	BH	0.582847970878104	ppGpp biosynthesis
PROTOCATECHUATE-ORTHO-CLEAVAGE-PWY	edgeR	negative	positive	1.10819207226245e-17	BH	1.72492505160851e-16	protocatechuate degradation II (ortho-cleavage pathway)
PRPP-PWY	edgeR	negative	positive	0.73539084036051	BH	1	superpathway of histidine, purine, and pyrimidine biosynthesis
PWY-1269	edgeR	negative	positive	0.953030005287349	BH	1	CMP-3-deoxy-D-manno-octulosonate biosynthesis I
PWY-1541	edgeR	negative	positive	0.00293313546563744	BH	0.0218763020145459	superpathway of taurine degradation
PWY-1622	edgeR	negative	positive	1.9531969416512e-15	BH	2.79697802044452e-14	formaldehyde assimilation I (serine pathway)
PWY-181	edgeR	negative	positive	0.00614485065496046	BH	0.0448950313158336	photorespiration
PWY-1861	edgeR	negative	positive	0.710447193586449	BH	1	formaldehyde assimilation II (RuMP Cycle)
PWY-2941	edgeR	negative	positive	0.870688314638074	BH	1	L-lysine biosynthesis II
PWY-2942	edgeR	negative	positive	0.956712247496036	BH	1	L-lysine biosynthesis III
PWY-3001	edgeR	negative	positive	0.972674092876251	BH	1	superpathway of L-isoleucine biosynthesis I
PWY-3781	edgeR	negative	positive	0.318516836206251	BH	1	aerobic respiration I (cytochrome c)
PWY-4984	edgeR	negative	positive	0.863227997117127	BH	1	urea cycle
PWY-5005	edgeR	negative	positive	0.581363298136891	BH	1	biotin biosynthesis II
PWY-5022	edgeR	negative	positive	0.766861144256659	BH	1	4-aminobutanoate degradation V
PWY-5028	edgeR	negative	positive	0.188816804683433	BH	0.844955200958363	L-histidine degradation II
PWY-5088	edgeR	negative	positive	8.68389628597999e-05	BH	0.000797137146251497	L-glutamate degradation VIII (to propanoate)
PWY-5097	edgeR	negative	positive	0.944519803153467	BH	1	L-lysine biosynthesis VI
PWY-5100	edgeR	negative	positive	0.968930399488472	BH	1	pyruvate fermentation to acetate and lactate II
PWY-5101	edgeR	negative	positive	0.967704003569113	BH	1	L-isoleucine biosynthesis II
PWY-5103	edgeR	negative	positive	0.966289441502319	BH	1	L-isoleucine biosynthesis III
PWY-5104	edgeR	negative	positive	0.960406486921138	BH	1	L-isoleucine biosynthesis IV
PWY-5121	edgeR	negative	positive	0.939675331321645	BH	1	superpathway of geranylgeranyl diphosphate biosynthesis II (via MEP)
PWY-5154	edgeR	negative	positive	0.968635941455336	BH	1	L-arginine biosynthesis III (via N-acetyl-L-citrulline)
PWY-5177	edgeR	negative	positive	0.358783608038413	BH	1	glutaryl-CoA degradation
PWY-5180	edgeR	negative	positive	0.00247880801021584	BH	0.01888113335441	toluene degradation I (aerobic) (via o-cresol)
PWY-5181	edgeR	negative	positive	3.58566431051945e-28	BH	2.56733564633193e-26	toluene degradation III (aerobic) (via p-cresol)
PWY-5182	edgeR	negative	positive	0.00247880801021584	BH	0.01888113335441	toluene degradation II (aerobic) (via 4-methylcatechol)
PWY-5188	edgeR	negative	positive	0.956090401314162	BH	1	tetrapyrrole biosynthesis I (from glutamate)
PWY-5189	edgeR	negative	positive	0.950258407588299	BH	1	tetrapyrrole biosynthesis II (from glycine)
PWY-5198	edgeR	negative	positive	0.334772283606984	BH	1	factor 420 biosynthesis
PWY-5265	edgeR	negative	positive	0.209563987519502	BH	0.92622108064175	peptidoglycan biosynthesis II (staphylococci)
PWY-5304	edgeR	negative	positive	0.456852633409556	BH	1	superpathway of sulfur oxidation (Acidianus ambivalens)
PWY-5345	edgeR	negative	positive	0.874285069642671	BH	1	superpathway of L-methionine biosynthesis (by sulfhydrylation)
PWY-5347	edgeR	negative	positive	0.728864023236753	BH	1	superpathway of L-methionine biosynthesis (transsulfuration)
PWY-5384	edgeR	negative	positive	0.989308440024493	BH	1	sucrose degradation IV (sucrose phosphorylase)
PWY-5415	edgeR	negative	positive	7.05558990167732e-05	BH	0.00066471083810539	catechol degradation I (meta-cleavage pathway)
PWY-5417	edgeR	negative	positive	7.05875394928362e-28	BH	2.58767284316054e-26	catechol degradation III (ortho-cleavage pathway)
PWY-5431	edgeR	negative	positive	7.05875394928362e-28	BH	2.58767284316054e-26	aromatic compounds degradation via &beta;-ketoadipate
PWY-5484	edgeR	negative	positive	0.98006931029863	BH	1	glycolysis II (from fructose 6-phosphate)
PWY-5505	edgeR	negative	positive	0.832485819103594	BH	1	L-glutamate and L-glutamine biosynthesis
PWY-5507	edgeR	negative	positive	0.0265473775231773	BH	0.172799293696318	adenosylcobalamin biosynthesis I (early cobalt insertion)
PWY-5509	edgeR	negative	positive	0.886480045405127	BH	1	adenosylcobalamin biosynthesis from cobyrinate a,c-diamide I
PWY-5531	edgeR	negative	positive	3.30065029865053e-06	BH	3.47539060857909e-05	chlorophyllide a biosynthesis II (anaerobic)
PWY-5532	edgeR	negative	positive	0.279604794579502	BH	1	adenosine nucleotides degradation IV
PWY-5651	edgeR	negative	positive	5.81560382611122e-23	BH	1.04099308487391e-21	L-tryptophan degradation to 2-amino-3-carboxymuconate semialdehyde
PWY-5659	edgeR	negative	positive	0.921204869709424	BH	1	GDP-mannose biosynthesis
PWY-5667	edgeR	negative	positive	0.970132098406822	BH	1	CDP-diacylglycerol biosynthesis I
PWY-5676	edgeR	negative	positive	0.760025513060608	BH	1	acetyl-CoA fermentation to butanoate II
PWY-5677	edgeR	negative	positive	0.584725124559426	BH	1	succinate fermentation to butanoate
PWY-5686	edgeR	negative	positive	0.95647432578387	BH	1	UMP biosynthesis
PWY-5695	edgeR	negative	positive	0.98833389802409	BH	1	urate biosynthesis/inosine 5'-phosphate degradation
PWY-5705	edgeR	negative	positive	0.572996039498811	BH	1	allantoin degradation to glyoxylate III
PWY-5741	edgeR	negative	positive	0.166395007078527	BH	0.773628734209255	ethylmalonyl-CoA pathway
PWY-5747	edgeR	negative	positive	0.0694350869218036	BH	0.388402517468839	2-methylcitrate cycle II
PWY-5837	edgeR	negative	positive	0.624506765220489	BH	1	1,4-dihydroxy-2-naphthoate biosynthesis I
PWY-5838	edgeR	negative	positive	0.887859867897339	BH	1	superpathway of menaquinol-8 biosynthesis I
PWY-5840	edgeR	negative	positive	0.890766808941002	BH	1	superpathway of menaquinol-7 biosynthesis
PWY-5845	edgeR	negative	positive	0.235552080378344	BH	0.988283203621012	superpathway of menaquinol-9 biosynthesis
PWY-5850	edgeR	negative	positive	0.235552080378344	BH	0.988283203621012	superpathway of menaquinol-6 biosynthesis I
PWY-5855	edgeR	negative	positive	0.847973809295801	BH	1	ubiquinol-7 biosynthesis (prokaryotic)
PWY-5856	edgeR	negative	positive	0.847973809295801	BH	1	ubiquinol-9 biosynthesis (prokaryotic)
PWY-5857	edgeR	negative	positive	0.847973809295801	BH	1	ubiquinol-10 biosynthesis (prokaryotic)
PWY-5860	edgeR	negative	positive	0.10634468179913	BH	0.521525973754637	superpathway of demethylmenaquinol-6 biosynthesis I
PWY-5861	edgeR	negative	positive	0.751564688921246	BH	1	superpathway of demethylmenaquinol-8 biosynthesis
PWY-5862	edgeR	negative	positive	0.10634468179913	BH	0.521525973754637	superpathway of demethylmenaquinol-9 biosynthesis
PWY-5863	edgeR	negative	positive	0.694178856983877	BH	1	superpathway of phylloquinol biosynthesis
PWY-5896	edgeR	negative	positive	0.235552080378344	BH	0.988283203621012	superpathway of menaquinol-10 biosynthesis
PWY-5897	edgeR	negative	positive	0.869527389221428	BH	1	superpathway of menaquinol-11 biosynthesis
PWY-5898	edgeR	negative	positive	0.869527389221428	BH	1	superpathway of menaquinol-12 biosynthesis
PWY-5899	edgeR	negative	positive	0.869527389221428	BH	1	superpathway of menaquinol-13 biosynthesis
PWY-5910	edgeR	negative	positive	0.0488426973968949	BH	0.28665058472276	superpathway of geranylgeranyldiphosphate biosynthesis I (via mevalonate)
PWY-5913	edgeR	negative	positive	0.72516281427729	BH	1	TCA cycle VI (obligate autotrophs)
PWY-5918	edgeR	negative	positive	0.581458563311696	BH	1	superpathay of heme biosynthesis from glutamate
PWY-5920	edgeR	negative	positive	0.0102057143508171	BH	0.0716401125018142	superpathway of heme biosynthesis from glycine
PWY-5971	edgeR	negative	positive	0.919369474408918	BH	1	palmitate biosynthesis II (bacteria and plants)
PWY-5973	edgeR	negative	positive	0.96790886250891	BH	1	cis-vaccenate biosynthesis
PWY-5989	edgeR	negative	positive	0.937526750694564	BH	1	stearate biosynthesis II (bacteria and plants)
PWY-6071	edgeR	negative	positive	2.81488547004877e-29	BH	1.00772899827746e-26	superpathway of phenylethylamine degradation
PWY-6121	edgeR	negative	positive	0.948603249411071	BH	1	5-aminoimidazole ribonucleotide biosynthesis I
PWY-6122	edgeR	negative	positive	0.951474400803209	BH	1	5-aminoimidazole ribonucleotide biosynthesis II
PWY-6123	edgeR	negative	positive	0.967120870748104	BH	1	inosine-5'-phosphate biosynthesis I
PWY-6125	edgeR	negative	positive	0.946712168644492	BH	1	superpathway of guanosine nucleotides de novo biosynthesis II
PWY-6126	edgeR	negative	positive	0.985002456418254	BH	1	superpathway of adenosine nucleotides de novo biosynthesis II
PWY-6141	edgeR	negative	positive	0.297449479996331	BH	1	archaetidylserine and archaetidylethanolamine biosynthesis
PWY-6143	edgeR	negative	positive	0.00127413156999148	BH	0.0103667977740216	CMP-pseudaminate biosynthesis
PWY-6147	edgeR	negative	positive	0.940354272490884	BH	1	6-hydroxymethyl-dihydropterin diphosphate biosynthesis I
PWY-6148	edgeR	negative	positive	0.276426476300246	BH	1	tetrahydromethanopterin biosynthesis
PWY-6151	edgeR	negative	positive	0.939264686279353	BH	1	S-adenosyl-L-methionine cycle I
PWY-6163	edgeR	negative	positive	0.972534534767559	BH	1	chorismate biosynthesis from 3-dehydroquinate
PWY-6165	edgeR	negative	positive	0.0914701584177517	BH	0.481563481081693	chorismate biosynthesis II (archaea)
PWY-6167	edgeR	negative	positive	0.29491182235114	BH	1	flavin biosynthesis II (archaea)
PWY-6174	edgeR	negative	positive	0.140871731725195	BH	0.663579999442366	mevalonate pathway II (archaea)
PWY-6182	edgeR	negative	positive	1.07506247705153e-27	BH	3.49883969804043e-26	superpathway of salicylate degradation
PWY-6185	edgeR	negative	positive	1.66824625619673e-27	BH	4.59409353629561e-26	4-methylcatechol degradation (ortho cleavage)
PWY-621	edgeR	negative	positive	0.990573693511444	BH	1	sucrose degradation III (sucrose invertase)
PWY-6263	edgeR	negative	positive	0.525313680927492	BH	1	superpathway of menaquinol-8 biosynthesis II
PWY-6269	edgeR	negative	positive	0.883880146909074	BH	1	adenosylcobalamin salvage from cobinamide II
PWY-6277	edgeR	negative	positive	0.951474400803209	BH	1	superpathway of 5-aminoimidazole ribonucleotide biosynthesis
PWY-6282	edgeR	negative	positive	0.923589515141257	BH	1	palmitoleate biosynthesis I (from (5Z)-dodec-5-enoate)
PWY-6317	edgeR	negative	positive	0.959120548128025	BH	1	galactose degradation I (Leloir pathway)
PWY-6349	edgeR	negative	positive	0.264190740737527	BH	1	CDP-archaeol biosynthesis
PWY-6350	edgeR	negative	positive	0.264982570106888	BH	1	archaetidylinositol biosynthesis
PWY-6353	edgeR	negative	positive	0.749244665322172	BH	1	purine nucleotides degradation II (aerobic)
PWY-6383	edgeR	negative	positive	0.0372557203747668	BH	0.233992068318711	mono-trans, poly-cis decaprenyl phosphate biosynthesis
PWY-6385	edgeR	negative	positive	0.980669150120738	BH	1	peptidoglycan biosynthesis III (mycobacteria)
PWY-6386	edgeR	negative	positive	0.982390783069092	BH	1	UDP-N-acetylmuramoyl-pentapeptide biosynthesis II (lysine-containing)
PWY-6387	edgeR	negative	positive	0.975887847159298	BH	1	UDP-N-acetylmuramoyl-pentapeptide biosynthesis I (meso-diaminopimelate containing)
PWY-6396	edgeR	negative	positive	0.518827638686501	BH	1	superpathway of 2,3-butanediol biosynthesis
PWY-6467	edgeR	negative	positive	0.992786135082954	BH	1	Kdo transfer to lipid IVA III (Chlamydia)
PWY-6470	edgeR	negative	positive	0.0874907717665439	BH	0.467488004364518	peptidoglycan biosynthesis V (&beta;-lactam resistance)
PWY-6471	edgeR	negative	positive	0.860942686862151	BH	1	peptidoglycan biosynthesis IV (Enterococcus faecium)
PWY-6478	edgeR	negative	positive	0.907959162531347	BH	1	GDP-D-glycero-&alpha;-D-manno-heptose biosynthesis
PWY-6507	edgeR	negative	positive	0.704105429252023	BH	1	4-deoxy-L-threo-hex-4-enopyranuronate degradation
PWY-6519	edgeR	negative	positive	0.960604124743284	BH	1	8-amino-7-oxononanoate biosynthesis I
PWY-6545	edgeR	negative	positive	0.95644503554629	BH	1	pyrimidine deoxyribonucleotides de novo biosynthesis III
PWY-6562	edgeR	negative	positive	1.26216551852934e-28	BH	1.45803395302557e-26	norspermidine biosynthesis
PWY-6572	edgeR	negative	positive	0.903431736033581	BH	1	chondroitin sulfate degradation I (bacterial)
PWY-6588	edgeR	negative	positive	0.935110806517981	BH	1	pyruvate fermentation to acetone
PWY-6590	edgeR	negative	positive	0.488191334367596	BH	1	superpathway of Clostridium acetobutylicum acidogenic fermentation
PWY-6608	edgeR	negative	positive	0.797892785120831	BH	1	guanosine nucleotides degradation III
PWY-6609	edgeR	negative	positive	0.963402931068596	BH	1	adenine and adenosine salvage III
PWY-6612	edgeR	negative	positive	0.976336312616372	BH	1	superpathway of tetrahydrofolate biosynthesis
PWY-6628	edgeR	negative	positive	0.713829797195738	BH	1	superpathway of L-phenylalanine biosynthesis
PWY-6629	edgeR	negative	positive	0.771137516577251	BH	1	superpathway of L-tryptophan biosynthesis
PWY-6630	edgeR	negative	positive	0.714865263912778	BH	1	superpathway of L-tyrosine biosynthesis
PWY-6641	edgeR	negative	positive	0.0598915442451019	BH	0.345825368383008	superpathway of sulfolactate degradation
PWY-6654	edgeR	negative	positive	0.242929949493433	BH	0.988283203621012	phosphopantothenate biosynthesis III
PWY-6660	edgeR	negative	positive	1	BH	1	2-heptyl-3-hydroxy-4(1H)-quinolone biosynthesis
PWY-6690	edgeR	negative	positive	7.22813643340932e-28	BH	2.58767284316054e-26	cinnamate and 3-hydroxycinnamate degradation to 2-oxopent-4-enoate
PWY-6700	edgeR	negative	positive	0.982258028178662	BH	1	queuosine biosynthesis
PWY-6703	edgeR	negative	positive	0.955979506105093	BH	1	preQ0 biosynthesis
PWY-6708	edgeR	negative	positive	0.847973809295801	BH	1	ubiquinol-8 biosynthesis (prokaryotic)
PWY-6728	edgeR	negative	positive	0.424748909864044	BH	1	methylaspartate cycle
PWY-6737	edgeR	negative	positive	0.870349906049582	BH	1	starch degradation V
PWY-6749	edgeR	negative	positive	0.447772246270682	BH	1	CMP-legionaminate biosynthesis I
PWY-6876	edgeR	negative	positive	0.397767240119085	BH	1	isopropanol biosynthesis
PWY-6891	edgeR	negative	positive	0.401505638722471	BH	1	thiazole biosynthesis II (Bacillus)
PWY-6892	edgeR	negative	positive	0.957405936134165	BH	1	thiazole biosynthesis I (E. coli)
PWY-6895	edgeR	negative	positive	0.785932972537539	BH	1	superpathway of thiamin diphosphate biosynthesis II
PWY-6897	edgeR	negative	positive	0.990118758296987	BH	1	thiamin salvage II
PWY-6901	edgeR	negative	positive	0.938332672781857	BH	1	superpathway of glucose and xylose degradation
PWY-6906	edgeR	negative	positive	0.0326984471059118	BH	0.209036501141365	chitin derivatives degradation
PWY-6969	edgeR	negative	positive	0.961682302918752	BH	1	TCA cycle V (2-oxoglutarate:ferredoxin oxidoreductase)
PWY-7003	edgeR	negative	positive	0.901437143524179	BH	1	glycerol degradation to butanol
PWY-7013	edgeR	negative	positive	0.901140615798089	BH	1	L-1,2-propanediol degradation
PWY-7031	edgeR	negative	positive	0.010847412863085	BH	0.0733165177164865	protein N-glycosylation (bacterial)
PWY-7090	edgeR	negative	positive	0.871416088556623	BH	1	UDP-2,3-diacetamido-2,3-dideoxy-&alpha;-D-mannuronate biosynthesis
PWY-7094	edgeR	negative	positive	0.104386528965678	BH	0.521525973754637	fatty acid salvage
PWY-7111	edgeR	negative	positive	0.930292745772016	BH	1	pyruvate fermentation to isobutanol (engineered)
PWY-7159	edgeR	negative	positive	3.30065029865053e-06	BH	3.47539060857909e-05	chlorophyllide a biosynthesis III (aerobic, light independent)
PWY-7184	edgeR	negative	positive	0.997645582042415	BH	1	pyrimidine deoxyribonucleotides de novo biosynthesis I
PWY-7187	edgeR	negative	positive	0.99587725933952	BH	1	pyrimidine deoxyribonucleotides de novo biosynthesis II
PWY-7196	edgeR	negative	positive	0.936007380578507	BH	1	superpathway of pyrimidine ribonucleosides salvage
PWY-7197	edgeR	negative	positive	0.980421963841987	BH	1	pyrimidine deoxyribonucleotide phosphorylation
PWY-7198	edgeR	negative	positive	0.947799489792416	BH	1	pyrimidine deoxyribonucleotides de novo biosynthesis IV
PWY-7199	edgeR	negative	positive	0.896008921419718	BH	1	pyrimidine deoxyribonucleosides salvage
PWY-7200	edgeR	negative	positive	0.955993890838813	BH	1	superpathway of pyrimidine deoxyribonucleoside salvage
PWY-7208	edgeR	negative	positive	0.983313709520626	BH	1	superpathway of pyrimidine nucleobases salvage
PWY-7210	edgeR	negative	positive	0.96839600389385	BH	1	pyrimidine deoxyribonucleotides biosynthesis from CTP
PWY-7211	edgeR	negative	positive	0.975583752742565	BH	1	superpathway of pyrimidine deoxyribonucleotides de novo biosynthesis
PWY-7219	edgeR	negative	positive	0.971023968813012	BH	1	adenosine ribonucleotides de novo biosynthesis
PWY-7220	edgeR	negative	positive	0.958694452871796	BH	1	adenosine deoxyribonucleotides de novo biosynthesis II
PWY-7221	edgeR	negative	positive	0.958027922630471	BH	1	guanosine ribonucleotides de novo biosynthesis
PWY-7222	edgeR	negative	positive	0.958694452871796	BH	1	guanosine deoxyribonucleotides de novo biosynthesis II
PWY-7228	edgeR	negative	positive	0.951677696501832	BH	1	superpathway of guanosine nucleotides de novo biosynthesis I
PWY-7229	edgeR	negative	positive	0.970331830046812	BH	1	superpathway of adenosine nucleotides de novo biosynthesis I
PWY-7234	edgeR	negative	positive	0.459207506464365	BH	1	inosine-5'-phosphate biosynthesis III
PWY-7237	edgeR	negative	positive	0.62213678196382	BH	1	myo-, chiro- and scillo-inositol degradation
PWY-7242	edgeR	negative	positive	0.782938368232728	BH	1	D-fructuronate degradation
PWY-7254	edgeR	negative	positive	0.87641991205906	BH	1	TCA cycle VII (acetate-producers)
PWY-7286	edgeR	negative	positive	0.241083686175468	BH	0.988283203621012	7-(3-amino-3-carboxypropyl)-wyosine biosynthesis
PWY-7315	edgeR	negative	positive	0.696797384381195	BH	1	dTDP-N-acetylthomosamine biosynthesis
PWY-7323	edgeR	negative	positive	0.901477022383474	BH	1	superpathway of GDP-mannose-derived O-antigen building blocks biosynthesis
PWY-7328	edgeR	negative	positive	0.670500569642845	BH	1	superpathway of UDP-glucose-derived O-antigen building blocks biosynthesis
PWY-7332	edgeR	negative	positive	0.710920533611737	BH	1	superpathway of UDP-N-acetylglucosamine-derived O-antigen building blocks biosynthesis
PWY-7371	edgeR	negative	positive	0.178370514785588	BH	0.808311953078994	1,4-dihydroxy-6-naphthoate biosynthesis II
PWY-7373	edgeR	negative	positive	0.00154601063779501	BH	0.0122993735184581	superpathway of demethylmenaquinol-6 biosynthesis II
PWY-7374	edgeR	negative	positive	0.488581355846196	BH	1	1,4-dihydroxy-6-naphthoate biosynthesis I
PWY-7377	edgeR	negative	positive	0.484585528005071	BH	1	cob(II)yrinate a,c-diamide biosynthesis I (early cobalt insertion)
PWY-7391	edgeR	negative	positive	0.0108541213379156	BH	0.0733165177164865	isoprene biosynthesis II (engineered)
PWY-7392	edgeR	negative	positive	0.618583139637682	BH	1	taxadiene biosynthesis (engineered)
PWY-7400	edgeR	negative	positive	0.968287778563823	BH	1	L-arginine biosynthesis IV (archaebacteria)
PWY-7431	edgeR	negative	positive	0.278394070825678	BH	1	aromatic biogenic amine degradation (bacteria)
PWY-7446	edgeR	negative	positive	5.20861599756482e-28	BH	2.58767284316054e-26	sulfoglycolysis
PWY-7456	edgeR	negative	positive	0.941838549215248	BH	1	mannan degradation
PWY-7539	edgeR	negative	positive	0.967602633970311	BH	1	6-hydroxymethyl-dihydropterin diphosphate biosynthesis III (Chlamydia)
PWY-7560	edgeR	negative	positive	0.952791829161035	BH	1	methylerythritol phosphate pathway II
PWY-7644	edgeR	negative	positive	1.13178552935932e-05	BH	0.000115765491288753	heparin degradation
PWY-7663	edgeR	negative	positive	0.941309893033412	BH	1	gondoate biosynthesis (anaerobic)
PWY-7664	edgeR	negative	positive	0.927975778591448	BH	1	oleate biosynthesis IV (anaerobic)
PWY-841	edgeR	negative	positive	0.95075588854133	BH	1	superpathway of purine nucleotides de novo biosynthesis I
PWY-922	edgeR	negative	positive	0.0479111266855686	BH	0.285869722557226	mevalonate pathway I
PWY0-1061	edgeR	negative	positive	0.783855960930464	BH	1	superpathway of L-alanine biosynthesis
PWY0-1241	edgeR	negative	positive	0.718409850644471	BH	1	ADP-L-glycero-&beta;-D-manno-heptose biosynthesis
PWY0-1261	edgeR	negative	positive	0.691401617787023	BH	1	anhydromuropeptides recycling
PWY0-1277	edgeR	negative	positive	1.44577345646589e-25	BH	3.23491810884243e-24	3-phenylpropanoate and 3-(3-hydroxyphenyl)propanoate degradation
PWY0-1296	edgeR	negative	positive	0.968907667930234	BH	1	purine ribonucleosides degradation
PWY0-1297	edgeR	negative	positive	0.951707836049048	BH	1	superpathway of purine deoxyribonucleosides degradation
PWY0-1298	edgeR	negative	positive	0.963558220756101	BH	1	superpathway of pyrimidine deoxyribonucleosides degradation
PWY0-1319	edgeR	negative	positive	0.970132098406822	BH	1	CDP-diacylglycerol biosynthesis II
PWY0-1338	edgeR	negative	positive	0.022026861021436	BH	0.146029930475446	polymyxin resistance
PWY0-1415	edgeR	negative	positive	0.411021930862566	BH	1	superpathway of heme biosynthesis from uroporphyrinogen-III
PWY0-1479	edgeR	negative	positive	0.433556575485984	BH	1	tRNA processing
PWY0-1533	edgeR	negative	positive	0.33706516798214	BH	1	methylphosphonate degradation I
PWY0-1586	edgeR	negative	positive	0.854163346939312	BH	1	peptidoglycan maturation (meso-diaminopimelate containing)
PWY0-162	edgeR	negative	positive	0.939900725521305	BH	1	superpathway of pyrimidine ribonucleotides de novo biosynthesis
PWY0-166	edgeR	negative	positive	0.988779713272745	BH	1	superpathway of pyrimidine deoxyribonucleotides de novo biosynthesis (E. coli)
PWY0-321	edgeR	negative	positive	7.42907208311496e-29	BH	1.32980390287758e-26	phenylacetate degradation I (aerobic)
PWY0-41	edgeR	negative	positive	0.443755497441019	BH	1	allantoin degradation IV (anaerobic)
PWY0-42	edgeR	negative	positive	0.0938495017117637	BH	0.486929298736397	2-methylcitrate cycle I
PWY0-781	edgeR	negative	positive	0.804206471150042	BH	1	aspartate superpathway
PWY0-845	edgeR	negative	positive	0.766284304779208	BH	1	superpathway of pyridoxal 5'-phosphate biosynthesis and salvage
PWY0-862	edgeR	negative	positive	0.92134815592062	BH	1	(5Z)-dodec-5-enoate biosynthesis
PWY1G-0	edgeR	negative	positive	0.0379186576125693	BH	0.23404964526379	mycothiol biosynthesis
PWY490-3	edgeR	negative	positive	0.987152173479775	BH	1	nitrate reduction VI (assimilatory)
PWY4FS-7	edgeR	negative	positive	0.982884315579299	BH	1	phosphatidylglycerol biosynthesis I (plastidic)
PWY4FS-8	edgeR	negative	positive	0.982884315579299	BH	1	phosphatidylglycerol biosynthesis II (non-plastidic)
PWYG-321	edgeR	negative	positive	0.925486071642419	BH	1	mycolate biosynthesis
PYRIDNUCSAL-PWY	edgeR	negative	positive	0.947223372183296	BH	1	NAD salvage pathway I
PYRIDNUCSYN-PWY	edgeR	negative	positive	0.998995072787266	BH	1	NAD biosynthesis I (from aspartate)
PYRIDOXSYN-PWY	edgeR	negative	positive	0.850760366570307	BH	1	pyridoxal 5'-phosphate biosynthesis I
REDCITCYC	edgeR	negative	positive	0.90054209062238	BH	1	TCA cycle VIII (helicobacter)
RHAMCAT-PWY	edgeR	negative	positive	0.824370653868589	BH	1	L-rhamnose degradation I
RIBOSYN2-PWY	edgeR	negative	positive	0.970774107694216	BH	1	flavin biosynthesis I (bacteria and plants)
RUMP-PWY	edgeR	negative	positive	0.783760886635389	BH	1	formaldehyde oxidation I
SALVADEHYPOX-PWY	edgeR	negative	positive	0.654046221194255	BH	1	adenosine nucleotides degradation II
SER-GLYSYN-PWY	edgeR	negative	positive	0.962769678702668	BH	1	superpathway of L-serine and glycine biosynthesis I
SO4ASSIM-PWY	edgeR	negative	positive	0.796502776757354	BH	1	sulfate reduction I (assimilatory)
SULFATE-CYS-PWY	edgeR	negative	positive	0.846930434483812	BH	1	superpathway of sulfate assimilation and cysteine biosynthesis
TCA	edgeR	negative	positive	0.835101221224252	BH	1	TCA cycle I (prokaryotic)
TCA-GLYOX-BYPASS	edgeR	negative	positive	2.66738138496378e-05	BH	0.000265256259949176	superpathway of glyoxylate bypass and TCA
TEICHOICACID-PWY	edgeR	negative	positive	0.903455004285773	BH	1	teichoic acid (poly-glycerol) biosynthesis
THISYN-PWY	edgeR	negative	positive	0.983588336660243	BH	1	superpathway of thiamin diphosphate biosynthesis I
THREOCAT-PWY	edgeR	negative	positive	7.11387397171662e-24	BH	1.34040362203924e-22	superpathway of L-threonine metabolism
THRESYN-PWY	edgeR	negative	positive	0.978734256109279	BH	1	superpathway of L-threonine biosynthesis
TRNA-CHARGING-PWY	edgeR	negative	positive	0.9720107842424	BH	1	tRNA charging
TRPSYN-PWY	edgeR	negative	positive	0.990437119772948	BH	1	L-tryptophan biosynthesis
TYRFUMCAT-PWY	edgeR	negative	positive	9.02678514088786e-07	BH	1.00987158763683e-05	L-tyrosine degradation I
UBISYN-PWY	edgeR	negative	positive	0.813423728781278	BH	1	superpathway of ubiquinol-8 biosynthesis (prokaryotic)
UDPNAGSYN-PWY	edgeR	negative	positive	0.922286937848453	BH	1	UDP-N-acetyl-D-glucosamine biosynthesis I
VALDEG-PWY	edgeR	negative	positive	5.56824092905986e-14	BH	7.66703943309012e-13	L-valine degradation I
VALSYN-PWY	edgeR	negative	positive	0.976362961764025	BH	1	L-valine biosynthesis
